Date,AMD_Close,INTC_Close,NVDA_Close
02-01-2020,49.09999847,53.66646957,5.971746922
03-01-2020,48.59999847,53.01371384,5.876163483
06-01-2020,48.38999939,52.86376572,5.90080595
07-01-2020,48.25,51.98167038,5.972245693
08-01-2020,47.83000183,52.01695633,5.983446121
09-01-2020,48.97000122,52.30804443,6.049160004
10-01-2020,48.16999817,51.9905014,6.08151865
13-01-2020,48.75,52.5638504,6.27218771
14-01-2020,48.20999908,52.42271805,6.155198574
15-01-2020,48.54999924,51.9905014,6.112633705
16-01-2020,49.77000046,52.62560272,6.196269035
17-01-2020,50.93000031,52.57266617,6.204982281
21-01-2020,51.04999924,53.41065216,6.171627045
22-01-2020,51.43000031,55.33361435,6.225640774
23-01-2020,51.70999908,55.85404968,6.294093132
24-01-2020,50.34999847,60.39683151,6.23485136
27-01-2020,49.25999832,57.9446106,5.978965282
28-01-2020,50.52999878,59.37360764,6.172372818
29-01-2020,47.50999832,58.50914764,6.111886501
30-01-2020,48.77999878,58.63264084,6.118607521
31-01-2020,47,56.39212418,5.885124683
03-02-2020,48.02000046,56.82435608,5.982201099
04-02-2020,49.45000076,57.74173355,6.151463985
05-02-2020,49.84000015,59.40007782,6.241821289
06-02-2020,49.31999969,59.47097778,6.328692436
07-02-2020,49.72999954,58.52249146,6.262480736
10-02-2020,52.25999832,58.85046768,6.545747757
11-02-2020,53.79999924,59.75465393,6.668214321
12-02-2020,53.88999939,59.79895782,6.783961296
13-02-2020,54.52999878,59.78125381,6.740150452
14-02-2020,55.31000137,59.63053513,7.213339806
18-02-2020,56.88999939,58.62887573,7.38210535
19-02-2020,58.90000153,59.4887085,7.833390236
20-02-2020,57.27000046,58.01722717,7.684040546
21-02-2020,53.27999878,57.03327179,7.319876671
24-02-2020,49.11999893,54.74627686,6.802378178
25-02-2020,47.56999969,52.94680786,6.522847176
26-02-2020,47.49000168,52.87591171,6.662239552
27-02-2020,44.00999832,49.48971939,6.29138279
28-02-2020,45.47999954,49.21491241,6.726499557
02-03-2020,47.45999908,51.57283783,6.884903908
03-03-2020,46.75,49.61381531,6.62239027
04-03-2020,50.11000061,52.01605606,7.086149216
05-03-2020,48.11000061,50.49137878,6.806697369
06-03-2020,48.59000015,49.4365387,6.626125813
09-03-2020,43.27000046,45.07526398,6.113051414
10-03-2020,45.38000107,47.84981155,6.502589703
11-03-2020,45.70000076,45.79327774,6.138705254
12-03-2020,39.00999832,40.36828613,5.387525558
13-03-2020,43.90000153,48.24869919,5.998481274
16-03-2020,38.70999908,39.54390717,4.891635895
17-03-2020,41.88000107,44.39270782,5.411435604
18-03-2020,39.11999893,42.20320892,5.05153656
19-03-2020,39.81999969,40.72286606,5.304338455
20-03-2020,39.61000061,40.62535477,5.124512196
23-03-2020,41.63999939,43.94949341,5.297362804
24-03-2020,46.22000122,46.44924164,6.206201553
25-03-2020,44.63000107,45.43870163,6.117534637
26-03-2020,47.5,49.23265076,6.40694809
27-03-2020,46.58000183,46.42264938,6.294620514
30-03-2020,47.86000061,49.18832779,6.614917278
31-03-2020,45.47999954,47.97391129,6.565353394
01-04-2020,43.65999985,45.98829651,6.054023266
02-04-2020,44.49000168,48.1777916,6.362864017
03-04-2020,42.59000015,47.98277283,6.074944019
06-04-2020,47.52000046,51.79444885,6.684905052
07-04-2020,47.56000137,51.76785278,6.45153141
08-04-2020,48.79000092,52.28198242,6.648790359
09-04-2020,48.38000107,50.65093994,6.549165726
13-04-2020,50.93999863,52.03378677,6.721019268
14-04-2020,54.93000031,53.77119827,7.072201729
15-04-2020,54.99000168,52.18447876,6.994742393
16-04-2020,56.95000076,53.88643646,7.33994627
17-04-2020,56.59999847,53.50527191,7.280669212
20-04-2020,56.97000122,52.45927048,7.149411678
21-04-2020,52.91999817,49.95952606,6.71255064
22-04-2020,55.91999817,53.27479172,7.126995564
23-04-2020,55.90000153,52.33517456,7.073696613
24-04-2020,56.18000031,52.5301857,7.212673187
27-04-2020,56.49000168,52.7163353,7.399223328
28-04-2020,55.50999832,52.07810974,7.256758213
29-04-2020,53.65999985,54.78173065,7.433594227
30-04-2020,52.38999939,53.16842651,7.279672623
01-05-2020,49.88000107,50.94347,7.043060303
04-05-2020,52.56000137,51.40441513,7.255013943
05-05-2020,52.18999863,52.07810974,7.316035271
06-05-2020,52.15999985,52.75560379,7.416906834
07-05-2020,51.95000076,52.74669266,7.593244553
08-05-2020,53.18999863,53.19240952,7.783281803
11-05-2020,55.74000168,53.60247421,8.035337448
12-05-2020,53.75999832,52.05135727,7.773318768
13-05-2020,52.18000031,51.47192383,7.750902653
14-05-2020,54.50999832,52.66646194,8.000465393
15-05-2020,54.20000076,51.95330048,8.458995819
18-05-2020,54.59000015,53.41526413,8.717521667
19-05-2020,55.47000122,53.74510193,8.772564888
20-05-2020,56.38999939,56.25005722,8.936451912
21-05-2020,54.65000153,55.25163651,8.742432594
22-05-2020,55.16999817,55.50123978,8.992490768
26-05-2020,53.18999863,55.57256317,8.685146332
27-05-2020,52.74000168,56.6601181,8.493366241
28-05-2020,51.74000168,55.00203705,8.45526123
29-05-2020,53.79999924,56.09851074,8.842306137
01-06-2020,53.63000107,55.14466858,8.773313522
02-06-2020,53.54000092,55.37644196,8.792244911
03-06-2020,52.72999954,55.20707321,8.736703873
04-06-2020,52.63000107,56.13417816,8.737699509
05-06-2020,53.09999847,57.35544205,8.890694618
08-06-2020,52.97000122,56.75817871,8.776070595
09-06-2020,56.38999939,56.19657516,9.016280174
10-06-2020,57.43999863,56.93647003,9.335977554
11-06-2020,52.83000183,53.21915054,8.767351151
12-06-2020,53.5,52.88931656,8.903155327
15-06-2020,54.68000031,53.57572556,9.143614769
16-06-2020,54.45999908,53.84316635,9.038705826
17-06-2020,54.54999924,53.92338943,9.205657959
18-06-2020,54.04000092,53.55790329,9.187716484
19-06-2020,54.22999954,53.14783478,9.230822563
22-06-2020,54.75999832,53.56681824,9.495451927
23-06-2020,53.99000168,53.41526413,9.418953896
24-06-2020,52.38999939,52.67536926,9.205158234
25-06-2020,51.93000031,52.15833282,9.458820343
26-06-2020,50.09999847,51.25797653,9.124920845
29-06-2020,50.27999878,51.94438934,9.169775009
30-06-2020,52.61000061,53.33503723,9.466546059
01-07-2020,52.58000183,52.42576599,9.498689651
02-07-2020,52.34000015,52.71103668,9.580668449
06-07-2020,53.40000153,53.07652664,9.80692482
07-07-2020,52.93000031,51.98004913,9.839317322
08-07-2020,53.43000031,52.2474823,10.18243599
09-07-2020,57.25999832,52.07810974,10.47447395
10-07-2020,55.88000107,53.06760025,10.4448204
13-07-2020,53.59000015,52.22072983,10.01922512
14-07-2020,54.72000122,52.57730484,10.34291077
15-07-2020,55.34000015,52.62188721,10.19364738
16-07-2020,54.91999817,52.71994019,10.10145473
17-07-2020,55.04000092,53.4865799,10.16798401
20-07-2020,57.45999908,54.51174164,10.47621822
21-07-2020,57,54.11059189,10.29456711
22-07-2020,61.79000092,54.42259979,10.40445518
23-07-2020,59.56999969,53.84316635,10.09647274
24-07-2020,69.40000153,45.0981102,10.16100693
27-07-2020,68.97000122,44.18883514,10.3872633
28-07-2020,67.61000061,43.89465332,10.18193722
29-07-2020,76.08999634,42.85167313,10.43111801
30-07-2020,78.19999695,42.78036118,10.57913113
31-07-2020,77.43000031,42.54858017,10.57987881
03-08-2020,77.66999817,43.05670166,10.97407818
04-08-2020,85.04000092,43.79659653,11.1908617
05-08-2020,85.30999756,43.60939407,11.24967003
06-08-2020,86.70999908,43.59144211,11.29825974
07-08-2020,84.84999847,43.10679245,11.16270256
10-08-2020,82.23999786,44.17481613,11.12831974
11-08-2020,76.87999725,43.25040054,10.8143568
12-08-2020,82.61000061,44.14789581,11.40266609
13-08-2020,81.83999634,43.58247375,11.40540886
14-08-2020,81.30000305,43.87864685,11.52600956
17-08-2020,82.41999817,43.91454315,12.29646969
18-08-2020,81.66000366,43.66324997,12.22046947
19-08-2020,81.08999634,43.37604904,12.09862041
20-08-2020,82.76999664,44.12994766,12.10111237
21-08-2020,83.80999756,44.22867203,12.6418314
24-08-2020,83.08000183,44.1030159,12.67846012
25-08-2020,86.34999847,44.36329651,12.70811081
26-08-2020,86.01999664,44.47099686,12.73103619
27-08-2020,83.80000305,44.33637238,12.58676243
28-08-2020,85.55000305,45.26078796,13.10455704
31-08-2020,90.81999969,45.72748947,13.33055973
01-09-2020,92.18000031,45.58389282,13.77971458
02-09-2020,90.22000122,46.89423752,14.30364513
03-09-2020,82.54000092,45.22488785,12.97662163
04-09-2020,82.01000214,44.94666672,12.584795
08-09-2020,78.69000244,43.89659119,11.87741661
09-09-2020,81.91000366,44.53381729,12.67702007
10-09-2020,78.98000336,43.94146347,12.27497482
11-09-2020,76.33999634,44.22867203,12.12816429
14-09-2020,77.90000153,44.34534454,12.83379936
15-09-2020,78.93000031,44.87486267,12.95219421
16-09-2020,76.66000366,45.20693588,12.47711754
17-09-2020,76.55000305,45.1620636,12.42626953
18-09-2020,74.93000031,44.77613831,12.15284157
21-09-2020,77.94000244,44.62356949,12.47986031
22-09-2020,77.69999695,44.82998657,12.59999943
23-09-2020,74.73000336,43.81581497,12.087533
24-09-2020,75.81999969,44.12097549,12.31111336
25-09-2020,78.05999756,44.82101059,12.83529377
28-09-2020,79.48000336,46.15828705,12.99606228
29-09-2020,81.76999664,45.94289017,13.18624401
30-09-2020,81.98999786,46.47241974,13.49008465
01-10-2020,84.86000061,46.88526917,13.57383347
02-10-2020,81.80000305,45.78134155,13.02323151
05-10-2020,86.15000153,46.39163589,13.60174942
06-10-2020,84.48000336,46.10443497,13.69546604
07-10-2020,86.69000244,47.27118683,13.92228794
08-10-2020,86.51000214,47.89943314,13.79741096
09-10-2020,83.09999847,47.4058075,13.72164059
12-10-2020,84.29000092,48.35715103,14.18350601
13-10-2020,85.27999878,48.31227875,14.20569038
14-10-2020,84.20999908,48.06098175,14.05314636
15-10-2020,83.12999725,48.3302269,13.92826843
16-10-2020,83.16999817,48.60845947,13.77024174
19-10-2020,82,48.9854126,13.45743275
20-10-2020,81.55999756,47.95328522,13.60474014
21-10-2020,79.19999695,48.01610947,13.4843483
22-10-2020,79.41999817,48.37510681,13.32108784
23-10-2020,81.95999908,43.25937653,13.54965401
26-10-2020,82.23000336,41.93107986,13.10199451
27-10-2020,78.87999725,40.96177673,13.35673141
28-10-2020,76.40000153,39.71425629,12.58928204
29-10-2020,78.01999664,39.5886116,12.98509693
30-10-2020,75.29000092,39.74118042,12.496562
02-11-2020,74.69999695,39.90273285,12.54316998
03-11-2020,76.58000183,40.25275421,12.98060894
04-11-2020,81.34999847,41.01563644,13.75304508
05-11-2020,83,41.29587936,14.11770153
06-11-2020,85.87999725,41.03370667,14.51850033
09-11-2020,83.12000275,41.2235527,13.59003353
10-11-2020,77.98999786,41.07891083,12.73185444
11-11-2020,81.27999878,41.90156555,13.37791824
12-11-2020,81.83999634,40.63593674,13.41655445
13-11-2020,81.43000031,41.09698868,13.2572813
16-11-2020,83.73000336,41.75692749,13.47487926
17-11-2020,83.36000061,41.16027451,13.38215256
18-11-2020,82.54000092,40.73538208,13.38863659
19-11-2020,85.54000092,41.24163437,13.40009975
20-11-2020,84.63999939,41.03370667,13.04865551
23-11-2020,85.30999756,41.63940811,13.10075092
24-11-2020,85.06999969,42.49822998,12.91904449
25-11-2020,86.70999908,42.53439331,13.19521618
27-11-2020,87.19000244,42.89599991,13.22163582
30-11-2020,92.66000366,43.70962906,13.36146927
01-12-2020,92.62999725,44.8034935,13.35000229
02-12-2020,93.73999786,45.11087036,13.50404072
03-12-2020,92.30999756,46.09625244,13.35992718
04-12-2020,94.04000092,47.00028229,13.52174377
07-12-2020,94.06999969,45.38206863,13.57011223
08-12-2020,92.91999817,45.82504272,13.3140564
09-12-2020,89.83000183,45.26455307,12.8959322
10-12-2020,91.66000366,45.43630219,12.93732166
11-12-2020,91.65000153,44.95718384,12.9782114
14-12-2020,94.77999878,45.62616348,13.27291489
15-12-2020,97.12000275,45.80695343,13.32452774
16-12-2020,96.84999847,46.21377182,13.20684433
17-12-2020,96.83999634,45.78887939,13.30532742
18-12-2020,95.91999817,42.90504074,13.23626518
21-12-2020,93.23000336,41.91061401,13.29634953
22-12-2020,93.16000366,41.73884964,13.24249649
23-12-2020,91.55000305,42.10045624,12.97422218
24-12-2020,91.80999756,42.55246735,12.95876122
28-12-2020,91.59999847,42.55246735,12.86526775
29-12-2020,90.62000275,44.64980316,12.90840054
30-12-2020,92.29000092,44.0712471,13.11035252
31-12-2020,91.70999908,45.03853989,13.01984978
04-01-2021,92.30000305,44.90293503,13.0781908
05-01-2021,92.76999664,45.75272751,13.36865807
06-01-2021,90.33000183,46.19569778,12.58053493
07-01-2021,95.16000366,47.18107986,13.30806923
08-01-2021,94.58000183,46.69290924,13.24100113
11-01-2021,97.25,46.59347153,13.5848217
12-01-2021,95.36000061,48.13030624,13.44844246
13-01-2021,91.77999878,51.48424149,13.49531364
14-01-2021,90.79000092,53.56349945,13.16470718
15-01-2021,88.20999908,52.05377579,12.82487488
19-01-2021,89.44999695,52.42443466,12.99018097
20-01-2021,88.75,53.03915787,13.32976246
21-01-2021,91.52999878,56.46541595,13.83016109
22-01-2021,92.79000092,51.2220726,13.67558002
25-01-2021,94.12999725,50.11916351,13.6164875
26-01-2021,94.70999908,49.91123581,13.39907646
27-01-2021,88.83999634,48.44671631,12.88296986
28-01-2021,87.51999664,50.68870544,13.01586151
29-01-2021,85.63999939,50.1824379,12.95477486
01-02-2021,87.66000366,51.24918747,13.20136166
02-02-2021,88.86000061,52.43346024,13.52024746
03-02-2021,87.88999939,52.1441803,13.49406624
04-02-2021,87.83999634,53.47025681,13.62745953
05-02-2021,87.90000153,52.91545105,13.55440617
08-02-2021,91.47000122,53.8067627,14.39987373
09-02-2021,90.91000366,53.46115494,14.22484684
10-02-2021,92.34999847,53.53392029,14.72449684
11-02-2021,92.66000366,55.17103958,15.20968437
12-02-2021,93.76999664,56.21697998,14.92096615
16-02-2021,91.45999908,56.81725693,15.28897095
17-02-2021,89.94000244,56.25336075,14.86586475
18-02-2021,88.63999939,56.03507614,14.78907013
19-02-2021,89.58000183,57.30839157,14.88630867
22-02-2021,85.37000275,55.21651459,14.31709576
23-02-2021,84.73999786,55.58940506,14.10392284
24-02-2021,86.94000244,57.47210312,14.45996094
25-02-2021,82.41999817,54.93456268,13.27166843
26-02-2021,84.51000214,55.28017426,13.67757416
01-03-2021,86.38999939,57.19015884,13.8044796
02-03-2021,84.12999725,55.69856262,13.37015438
03-03-2021,80.86000061,54.47981262,12.77027321
04-03-2021,77.75,53.05187988,12.33694077
05-03-2021,78.51999664,55.24380112,12.42794609
08-03-2021,73.95999908,54.43432999,11.56203556
09-03-2021,78.52999878,56.99915314,12.49084854
10-03-2021,77.51999664,56.6171608,12.43896961
11-03-2021,81.23000336,57.58124542,12.96298504
12-03-2021,81.05000305,57.20834732,12.82580948
15-03-2021,82.5,58.01781082,13.16027164
16-03-2021,82.75,58.91823578,13.26003742
17-03-2021,82.62999725,59.82774353,13.30991936
18-03-2021,78.12000275,57.96324539,12.69262218
19-03-2021,79.05999756,57.99052811,12.81558323
22-03-2021,80.30000305,59.69131088,13.15528584
23-03-2021,78.37999725,57.73586273,13.04005718
24-03-2021,76.48000336,56.42616653,12.61330891
25-03-2021,76.22000122,56.40797424,12.5058136
26-03-2021,77.41000366,59.00008392,12.8090992
29-03-2021,77.13999939,58.66357422,12.91784286
30-03-2021,76,57.9996109,12.84152412
31-03-2021,78.5,58.20881271,13.31690407
01-04-2021,81.08999634,58.70904541,13.77931499
05-04-2021,81.43000031,60.51897812,13.95465279
06-04-2021,81.44000244,59.62765121,13.82894993
07-04-2021,82.19999695,60.25522232,14.11028481
08-04-2021,83.34999847,60.98282623,14.28337955
09-04-2021,82.76000214,62.08332062,14.36618519
12-04-2021,78.58000183,59.49121857,15.17328453
13-04-2021,80.19000244,59.31842041,15.64267921
14-04-2021,78.55000305,58.38161469,15.24112701
15-04-2021,83.01000214,59.13650513,16.0993576
16-04-2021,82.15000153,58.89094543,15.87513447
19-04-2021,81.11000061,57.87229156,15.32567501
20-04-2021,79.26999664,57.02644348,15.13562393
21-04-2021,81.61000061,57.93596268,15.32442951
22-04-2021,79.05999756,56.90820694,14.81537819
23-04-2021,82.76000214,53.87953568,15.22940254
26-04-2021,85.41000366,53.44296265,15.4416523
27-04-2021,85.20999908,52.72444534,15.34562778
28-04-2021,84.01999664,52.40611267,15.24087715
29-04-2021,83.91000366,53.00639343,15.28876209
30-04-2021,81.62000275,52.3242569,14.97425175
03-05-2021,78.55000305,52.07869339,14.80190849
04-05-2021,78.61000061,51.75127029,14.3175478
05-05-2021,77.83000183,51.7057991,14.42454529
06-05-2021,77.88999939,52.335392,14.48889542
07-05-2021,78.80999756,52.77464676,14.77746677
10-05-2021,75.98999786,51.21895599,14.23224926
11-05-2021,76.83000183,50.36789703,14.27265263
12-05-2021,74.63999939,49.06843185,13.72618961
13-05-2021,73.08999634,49.4253273,13.63315868
14-05-2021,74.58999634,50.65159225,14.20955563
17-05-2021,74.65000153,50.63328171,14.13223457
18-05-2021,74.44000244,50.1848793,13.98283577
19-05-2021,76.23000336,50.66072845,14.03271866
20-05-2021,78.05999756,51.20064926,14.57818508
21-05-2021,77.16999817,51.31962585,14.95654297
24-05-2021,77.44000244,52.12491608,15.57533836
25-05-2021,77.86000061,52.04255676,15.61100388
26-05-2021,78.33999634,52.08831787,15.66313171
27-05-2021,78.41999817,52.8295517,15.45162868
28-05-2021,80.08000183,52.2713356,16.20635414
01-06-2021,80.80999756,52.06085968,16.22630882
02-06-2021,81.97000122,52.60077286,16.73884964
03-06-2021,80.27999878,51.46604156,16.92989731
04-06-2021,81.58000183,52.50011444,17.53697014
07-06-2021,81.34999847,52.24387741,17.57762337
08-06-2021,80.88999939,52.16152573,17.4160099
09-06-2021,79.95999908,52.16152573,17.321455
10-06-2021,81.55999756,52.50926208,17.38806725
11-06-2021,81.30999756,52.9393692,17.78746796
14-06-2021,81.55000305,53.25051117,17.98055077
15-06-2021,80.47000122,53.06748962,17.75079155
16-06-2021,80.11000061,52.36285019,17.77249718
17-06-2021,84.55999756,52.32624054,18.61770058
18-06-2021,84.65000153,50.94441986,18.59924507
21-06-2021,82.58999634,51.12744141,18.38818932
22-06-2021,83.58000183,51.12744141,18.84671593
23-06-2021,83.81999969,50.5692215,19.01685524
24-06-2021,86.09999847,51.31046677,19.1647892
25-06-2021,85.62000275,51.16404724,18.99066162
28-06-2021,87.08000183,52.60077286,19.9426384
29-06-2021,89.51999664,51.93274689,19.98429871
30-06-2021,93.93000031,51.37452316,19.96010399
01-07-2021,93.30999756,51.2555542,20.16915512
02-07-2021,94.69999695,51.94189835,20.44357491
06-07-2021,94.47000122,51.32876968,20.65462303
07-07-2021,90.54000092,51.20980072,20.3285675
08-07-2021,89.73999786,50.68819427,19.86055946
09-07-2021,90.90000153,51.23726273,20.00774765
12-07-2021,90.80999756,51.91444397,20.46901894
13-07-2021,90.26000214,52.04255676,20.20707512
14-07-2021,89.05000305,51.72227478,19.79944038
15-07-2021,86.93000031,51.07253647,18.92604828
16-07-2021,85.88999939,50.30383301,18.12250328
19-07-2021,86.58000183,50.00185394,18.73994446
20-07-2021,87.11000061,50.55091858,18.57254791
21-07-2021,89.41000366,51.45688248,19.36885452
22-07-2021,91.20999908,51.20980072,19.55246925
23-07-2021,92.15000153,48.50106049,19.51654243
26-07-2021,91.81999969,49.69987106,19.25310326
27-07-2021,91.02999878,48.66579437,19.1672802
28-07-2021,97.93000031,48.56512451,19.46166229
29-07-2021,102.9499969,49.14163971,19.62032509
30-07-2021,106.1900024,49.15995026,19.4576664
02-08-2021,108.6299973,49.12334824,19.70813751
03-08-2021,112.5599976,49.47108841,19.772995
04-08-2021,118.7699966,49.32466507,20.23101997
05-08-2021,112.3499985,49.63599014,20.5932579
06-08-2021,110.1100006,49.66361618,20.32282639
09-08-2021,107.5800018,49.78335571,20.25197601
10-08-2021,106.4800034,49.68204117,19.89374352
11-08-2021,107.6800003,49.86624908,19.65724182
12-08-2021,106.5,49.31360626,19.86280632
13-08-2021,110.5500031,49.26755524,20.14520454
16-08-2021,107.4800034,49.24913025,19.90770912
17-08-2021,107.5599976,48.53071594,19.41675949
18-08-2021,103.4400024,48.07017899,18.99964333
19-08-2021,103.6999969,48.30044556,19.75603676
20-08-2021,104.6500015,47.90438843,20.77187538
23-08-2021,108.7699966,49.0280838,21.91145706
24-08-2021,107.6500015,49.56230164,21.74680328
25-08-2021,108.3000031,49.56230164,22.16591454
26-08-2021,107.2699966,48.93598175,22.02122498
27-08-2021,111.4000015,49.63599014,22.58801842
30-08-2021,111.3199997,49.68204117,22.63990593
31-08-2021,110.7200012,49.79256821,22.34148979
01-09-2021,109.9899979,49.43334579,22.39738083
02-09-2021,109.1999969,49.48861313,22.35246849
03-09-2021,109.9199982,49.28598404,22.79859924
07-09-2021,109.1500015,49.41493607,22.61795044
08-09-2021,106.1699982,49.34124374,22.29557991
09-09-2021,106.1500015,49.18466568,22.13389206
10-09-2021,105.1999969,49.58993149,22.43431091
13-09-2021,104.8000031,50.64915466,22.10894585
14-09-2021,105.7300034,50.216259,22.19876671
15-09-2021,105.5999985,50.76889038,22.297575
16-09-2021,106.2200012,50.50178146,22.19876671
17-09-2021,103.8799973,49.97677994,21.8574295
20-09-2021,101.5500031,48.79781723,21.07196426
21-09-2021,102.8199997,48.69649887,21.20470428
22-09-2021,104.3799973,49.27677155,21.89835358
23-09-2021,106.1500015,49.76493454,22.43830299
24-09-2021,105.8000031,49.93993759,22.03807831
27-09-2021,108.1600037,50.34519958,21.61789894
28-09-2021,101.5199966,49.73730087,20.6587677
29-09-2021,100.3499985,49.26755524,20.47711945
30-09-2021,102.9000015,49.07413864,20.67573166
01-10-2021,102.4499969,49.60835266,20.70168304
04-10-2021,100.3399963,49.24913025,19.69364548
05-10-2021,101.8099976,49.69124603,20.41125298
06-10-2021,103.6399994,49.71888351,20.65976715
07-10-2021,106.4499969,49.90308762,21.03403854
08-10-2021,105.0599976,49.56230164,20.79050446
11-10-2021,104.6800003,49.22150803,20.65477562
12-10-2021,105.0400009,48.05175781,20.63081932
13-10-2021,109.1600037,48.13465118,20.89830399
14-10-2021,111.9899979,49.64519501,21.70373344
15-10-2021,112.1200027,50.16099548,21.81950378
18-10-2021,116.4300003,50.17020798,22.1788044
19-10-2021,116.3300018,50.85178375,22.24667358
20-10-2021,116.3899994,50.99914932,22.06003952
21-10-2021,119.3300018,51.579422,22.64789391
22-10-2021,119.8199997,45.55568695,22.68182755
25-10-2021,122.3600006,45.50963211,23.12097549
26-10-2021,122.9300003,44.46883392,24.66895676
27-10-2021,122.2799988,44.10961914,24.40347099
28-10-2021,121.1600037,44.28461838,24.892519
29-10-2021,120.2300034,45.13199997,25.51730728
01-11-2021,125.2300034,45.63858032,25.77680016
02-11-2021,127.6299973,45.92411041,26.34968185
03-11-2021,130.5299988,46.41226959,26.54629707
04-11-2021,137.5,46.66083908,29.74307632
05-11-2021,136.3399963,47.22659302,29.69417191
08-11-2021,150.1600037,47.81088638,30.74412537
09-11-2021,148.9199982,47.48627853,30.5974102
10-11-2021,139.8699951,47.07819366,29.40174103
11-11-2021,146.0099945,46.86487579,30.3309269
12-11-2021,147.8899994,46.66083908,30.3309269
15-11-2021,146.4900055,46.67010498,29.96664047
16-11-2021,152.4499969,46.93907547,30.14429474
17-11-2021,151.3399963,46.58663177,29.20412254
18-11-2021,155.0200043,46.07652664,31.61343575
19-11-2021,155.4100037,45.92813873,32.92087555
22-11-2021,152.5200043,46.21565247,31.89388275
23-11-2021,149.9199982,45.53860092,31.68429375
24-11-2021,157.8000031,46.15072632,32.61049652
26-11-2021,154.8099976,45.24180984,31.44176865
29-11-2021,161.9100037,46.37331772,33.31112671
30-11-2021,158.3699951,45.63134766,32.61248779
01-12-2021,149.1100006,45.07486343,31.37774086
02-12-2021,150.6799927,45.90958405,32.06747818
03-12-2021,144.0099945,45.67771912,30.63709259
06-12-2021,139.0599976,47.29151917,29.98228836
07-12-2021,144.8500061,48.7569046,32.36793137
08-12-2021,145.2400055,47.9963913,31.76803017
09-12-2021,138.1000061,46.81850052,30.43445969
10-12-2021,138.5500031,46.92052841,30.14299583
13-12-2021,133.8000031,46.37331772,28.10970688
14-12-2021,135.6000061,46.09507751,28.28538513
15-12-2021,146.5,46.99471664,30.40352058
16-12-2021,138.6399994,47.14311981,28.33529091
17-12-2021,137.75,46.94834518,27.75035858
20-12-2021,135.8000031,46.00233078,27.66850853
21-12-2021,144.25,47.08746338,29.02203941
22-12-2021,143.8800049,47.27296448,29.34644699
23-12-2021,146.1399994,47.58829498,29.58601379
27-12-2021,154.3600006,48.17260361,30.88863182
28-12-2021,153.1499939,48.0056572,30.26676941
29-12-2021,148.2599945,48.07057953,29.94635391
30-12-2021,145.1499939,47.98711014,29.5321064
31-12-2021,143.8999939,47.76451874,29.3574276
03-01-2022,150.2400055,49.35049057,30.06613159
04-01-2022,144.4199982,49.28556442,29.23664474
05-01-2022,136.1499939,49.96260834,27.55371666
06-01-2022,136.2299957,50.09245682,28.12667274
07-01-2022,132,49.56380844,27.19736671
10-01-2022,132,51.20542526,27.35009193
11-01-2022,137.3099976,51.85464096,27.76633072
12-01-2022,137.4700012,51.69697189,27.94799995
13-01-2022,132.7400055,50.95499802,26.52659225
14-01-2022,136.8800049,51.65987778,26.89292336
18-01-2022,131.9299927,50.78806305,25.85581779
19-01-2022,128.2700043,49.73074722,25.02134132
20-01-2022,121.8899994,48.26534653,24.10601234
21-01-2022,118.8099976,48.26534653,23.33142471
24-01-2022,116.5299988,48.17260361,23.32942581
25-01-2022,111.1299973,47.30078125,22.28333664
26-01-2022,110.7099991,47.94073486,22.73052025
27-01-2022,102.5999985,44.5647583,21.90402794
28-01-2022,105.2399979,44.26797104,22.79839706
31-01-2022,114.25,45.27890778,24.44140053
01-02-2022,116.7799988,45.39948273,24.59312248
02-02-2022,122.7600021,45.91886139,25.19602203
03-02-2022,120.0800018,44.77807236,23.9043808
04-02-2022,123.5999985,44.86685181,24.27470589
07-02-2022,123.6699982,45.02573013,24.6829567
08-02-2022,128.2299957,45.61448669,25.0622654
09-02-2022,132.8500061,46.6424675,26.65635681
10-02-2022,125.7699966,45.66120529,25.77696037
11-02-2022,113.1800003,44.51173782,23.90538025
14-02-2022,114.2699966,44.46501541,24.22279739
15-02-2022,121.4700012,45.26870346,26.4467392
16-02-2022,117.6900024,45.07244873,26.46271324
17-02-2022,112.3700027,44.45566559,24.46236038
18-02-2022,113.8300018,42.09130478,23.59893608
22-02-2022,115.6500015,41.76421356,23.34739494
23-02-2022,109.7600021,41.72683334,22.34622192
24-02-2022,116.6100006,43.66130829,23.70474625
25-02-2022,121.0599976,44.58649826,24.11300087
28-02-2022,123.3399963,44.57715607,24.34058189
01-03-2022,113.8300018,43.75475693,23.43423462
02-03-2022,118.2799988,45.67055511,24.18000031
03-03-2022,111.9800034,44.79209137,23.67483902
04-03-2022,108.4100037,44.92292786,22.89812469
07-03-2022,102.9499969,44.55846024,21.31673813
08-03-2022,105.5299988,44.39024734,21.47846794
09-03-2022,111.0500031,44.51173782,22.9759922
10-03-2022,106.4599991,43.60523987,22.62058449
11-03-2022,104.2900009,42.82958603,22.06350327
14-03-2022,102.25,41.49319839,21.29477692
15-03-2022,109.3300018,41.8763504,22.9350605
16-03-2022,115.3700027,43.57720947,24.45554543
17-03-2022,111.6900024,44.05382156,24.72509956
18-03-2022,113.4599991,44.3435173,26.4093132
21-03-2022,115.9199982,44.2874527,26.68984985
22-03-2022,114.7799988,45.22197723,26.480196
23-03-2022,113.9199982,45.10983658,25.59166718
24-03-2022,120.5299988,48.24051666,28.1035099
25-03-2022,119.6699982,48.43676376,27.64627266
28-03-2022,120.2399979,48.1377182,28.17239761
29-03-2022,123.2300034,48.82927322,28.60867691
30-03-2022,119.2200012,48.06295776,27.64427376
31-03-2022,109.3399963,46.31538391,27.24093819
01-04-2022,108.1900024,44.96031189,26.66788673
04-04-2022,110.5299988,45.9789505,27.31481934
05-04-2022,106.8199997,44.97900009,25.88817406
06-04-2022,103.6699982,44.42762375,24.3666954
07-04-2022,103.7200012,44.44631577,24.16802406
08-04-2022,101,43.94166565,23.08082199
11-04-2022,97.37000275,43.52112961,21.88080406
12-04-2022,95.09999847,43.45571136,21.46848488
13-04-2022,97.73999786,43.93232727,22.16633224
14-04-2022,93.05999756,42.68005371,21.22289467
18-04-2022,93.88999939,43.58654785,21.74702454
19-04-2022,96.93000031,44.79209137,22.16134071
20-04-2022,94.01999664,44.96031189,21.44652176
21-04-2022,89.84999847,44.39024734,20.14966965
22-04-2022,88.13999939,43.49309921,19.48276901
25-04-2022,90.69000244,43.9790535,19.869133
26-04-2022,85.16000366,42.53987503,18.75697327
27-04-2022,84.91000366,42.25951385,18.38458824
28-04-2022,89.63999939,43.7734642,19.74933434
29-04-2022,85.51999664,40.73622894,18.51637268
02-05-2022,89.83999634,42.01654053,19.50074387
03-05-2022,91.12999725,42.10998917,19.56962585
04-05-2022,99.41999817,43.49309921,20.30041885
05-05-2022,93.87000275,42.0095787,18.81287956
06-05-2022,95.33999634,41.72700119,18.64416122
09-05-2022,86.36000061,40.56843948,16.92200661
10-05-2022,88.73000336,41.45384598,17.56594276
11-05-2022,87.91999817,40.34238052,16.60253525
12-05-2022,87.05999756,40.3517952,16.14829254
13-05-2022,95.12000275,41.06765747,17.67676163
16-05-2022,94.23999786,40.57785797,17.23549271
17-05-2022,102.4700012,41.82118607,18.14698219
18-05-2022,96.27999878,39.89025497,16.91003036
19-05-2022,96.66999817,39.57000732,17.0957222
20-05-2022,93.5,39.23091507,16.66642952
23-05-2022,95.06999969,39.56058502,16.87009811
24-05-2022,91.16000366,39.24974442,16.12732315
25-05-2022,92.65000153,39.74897766,16.94696999
26-05-2022,98.75,40.95462799,17.82151985
27-05-2022,102.2600021,41.96247864,18.77993774
31-05-2022,101.8600006,41.84002686,18.64116478
01-06-2022,101.2200012,41.54803848,18.28974533
02-06-2022,108.5899963,42.23563385,19.5596447
03-06-2022,106.3000031,40.86985397,18.68908501
06-06-2022,105.6500015,40.82275772,18.75497818
07-06-2022,105.2799988,41.00172043,18.89474487
08-06-2022,101.9000015,38.83530426,18.62113953
09-06-2022,98.80000305,37.68616486,18.0220089
10-06-2022,94.81999969,36.90437317,16.94955254
13-06-2022,86.98999786,35.57627106,15.62446213
14-06-2022,86.98999786,35.72697449,15.81319141
15-06-2022,89.30000305,36.405159,16.50319672
16-06-2022,82.05000305,35.17124557,15.5785284
17-06-2022,81.56999969,34.82273483,15.85712814
21-06-2022,83.79000092,35.53859329,16.54214287
22-06-2022,83.75,35.20892334,16.33643341
23-06-2022,82.43000031,35.23717117,16.20162773
24-06-2022,87.08000183,36.36747742,17.10133171
27-06-2022,86.16000366,36.38632202,16.84470177
28-06-2022,80.77999878,35.58568573,15.95898056
29-06-2022,77.98999786,35.12414932,15.51961327
30-06-2022,76.47000122,35.23717117,15.13716507
01-07-2022,73.66999817,34.22933197,14.50207996
05-07-2022,75.19999695,34.55899811,14.94244766
06-07-2022,75.34999847,34.84157562,15.10820675
07-07-2022,79.30000305,35.92477798,15.83516026
08-07-2022,79.34999847,35.78349304,15.81518745
11-07-2022,76.94999695,35.03937531,15.13017464
12-07-2022,76.36000061,35.04878998,15.06027508
13-07-2022,77.51999664,35.04878998,15.14215851
14-07-2022,78.59999847,35.5197525,15.34985924
15-07-2022,81.11000061,36.37690735,15.73929691
18-07-2022,81.43000031,36.46166992,16.07781029
19-07-2022,85.87999725,37.88397217,16.96752357
20-07-2022,89.43000031,38.20423126,17.78134727
21-07-2022,91.08999634,38.2513237,18.02400208
22-07-2022,88.09999847,36.92321396,17.29405212
25-07-2022,87.54000092,36.88553238,16.9994812
26-07-2022,85.25,36.69715118,16.5091877
27-07-2022,89.81999969,37.84629059,17.76437759
28-07-2022,91.66999817,37.40359497,17.95809555
29-07-2022,94.47000122,34.20107269,18.13684082
01-08-2022,96.77999878,34.81331253,18.41443443
02-08-2022,99.29000092,33.91849136,18.49931335
03-08-2022,98.08999634,34.39886856,18.86579132
04-08-2022,103.9100037,33.92791748,19.18732071
05-08-2022,102.3099976,33.67102432,18.96165085
08-08-2022,100.0699997,33.66151428,17.76737022
09-08-2022,95.54000092,32.84329224,17.06138992
10-08-2022,99.05000305,33.65200043,18.07092857
11-08-2022,98.12000275,33.86130905,17.91615295
12-08-2022,100.8300018,34.35606003,18.6820507
15-08-2022,101.0100021,34.57488632,19.00458527
16-08-2022,100.1999969,34.43217087,18.85180473
17-08-2022,98.26999664,34.04208755,18.30858612
18-08-2022,100.4400024,34.44168472,18.74595833
19-08-2022,95.94999695,33.66151428,17.82329369
22-08-2022,92.83999634,32.19631577,17.00946426
23-08-2022,92.48999786,32.30097198,17.15625191
24-08-2022,92.73000336,32.21534348,17.19719505
25-08-2022,97.18000031,33.1953125,17.88720131
26-08-2022,91.18000031,31.73962784,16.2365818
29-08-2022,88.48999786,31.34003067,15.7782402
30-08-2022,86.94000244,30.69305992,15.44572067
31-08-2022,84.87000275,30.36957359,15.07225704
01-09-2022,82.33000183,30.21734428,13.91692543
02-09-2022,80.23999786,29.70357704,13.62734413
06-09-2022,78.72000122,28.88534737,13.44560432
07-09-2022,79.61000061,29.1612606,13.69831371
08-09-2022,82.77999878,29.25640106,13.97399902
09-09-2022,85.44999695,29.93191719,14.37054539
12-09-2022,84.63999939,30.02705956,14.48841
13-09-2022,77.02999878,27.86731911,13.11598206
14-09-2022,77.44999695,27.76266098,13.11298656
15-09-2022,76.66000366,27.43917465,12.91421413
16-09-2022,76.51000214,27.81974792,13.1829052
19-09-2022,76.76999664,28.01003265,13.36669445
20-09-2022,75.25,27.55334663,13.16092873
21-09-2022,74.48000336,27.08714676,13.2458334
22-09-2022,69.5,26.7065773,12.54663467
23-09-2022,67.95999908,26.1832962,12.5016861
26-09-2022,66.30000305,25.66000557,12.21401501
27-09-2022,67.16999817,25.58389473,12.39880371
28-09-2022,68.36000061,25.81223488,12.72143459
29-09-2022,64.13999939,25.09866333,12.20602417
30-09-2022,63.36000061,24.51829529,12.12511635
03-10-2022,66.11000061,25.66000557,12.49768925
04-10-2022,67.90000153,26.35454941,13.15194035
05-10-2022,67.94000244,26.29746437,13.19389343
06-10-2022,67.84999847,25.85980606,13.11498547
07-10-2022,58.43999863,24.4707222,12.06219006
10-10-2022,57.81000137,23.97598076,11.65665245
11-10-2022,57.63000107,23.82375145,11.57275009
12-10-2022,57.84999847,24.0996666,11.48684788
13-10-2022,58.93999863,25.13671875,11.94631958
14-10-2022,55.93999863,24.65149307,11.21415997
17-10-2022,57.95999908,25.13671875,11.874403
18-10-2022,57.91999817,24.61343765,11.95331478
19-10-2022,57.22999954,24.73712349,12.03721714
20-10-2022,57.77000046,24.81323433,12.18005562
21-10-2022,58.81999969,25.66000557,12.45174217
24-10-2022,58.70000076,25.85980606,12.58459091
25-10-2022,61.47000122,26.07863426,13.2458334
26-10-2022,59.72999954,25.88834953,12.88125229
27-10-2022,58.59999847,24.99400711,13.16092873
28-10-2022,62.00999832,27.65800476,13.81817818
31-10-2022,60.06000137,27.04909134,13.48156357
01-11-2022,59.65999985,26.92540359,13.5275116
02-11-2022,58.63000107,26.08815002,13.20388126
03-11-2022,60.11000061,26.05960655,13.40565014
04-11-2022,62.18999863,27.19263458,14.13981056
07-11-2022,63.08000183,27.39513206,14.28464603
08-11-2022,63.84999847,27.46263123,14.5853014
09-11-2022,59.91999817,26.53692436,13.76024437
10-11-2022,68.47000122,28.69690895,15.731987
11-11-2022,72.37000275,29.34297371,16.30832863
14-11-2022,73.52999878,29.26583099,16.27636528
15-11-2022,76.37000275,29.61296844,16.64694023
16-11-2022,72.69999695,28.47512436,15.89180374
17-11-2022,73.90000153,28.82226372,15.65907192
18-11-2022,73.56999969,28.80297852,15.39137554
21-11-2022,72.45999908,27.90620041,15.2994833
22-11-2022,75.25,28.75476265,16.01965904
23-11-2022,76.40000153,28.61012268,16.50010681
25-11-2022,75.13999939,28.29191017,16.25139046
28-11-2022,73.19000244,27.70369911,15.80889893
29-11-2022,73.38999939,27.86762619,15.62111378
30-11-2022,77.62999725,28.99583244,16.90797043
01-12-2022,77.48000336,28.7644043,17.1197834
02-12-2022,74.98000336,28.35940933,16.86101151
05-12-2022,73.62000275,28.12798309,16.59524918
06-12-2022,70.26999664,27.57834435,15.97280216
07-12-2022,70.13999939,27.31798935,16.10568619
08-12-2022,70.47000122,27.42406082,17.15375328
09-12-2022,68.58999634,27.23120499,16.98590088
12-12-2022,70.66999817,27.66513062,17.51942635
13-12-2022,71.65000153,27.70369911,18.05594826
14-12-2022,68.93000031,27.25049019,17.65830612
15-12-2022,66.52999878,26.18014145,16.93694305
16-12-2022,65.41000366,25.95835686,16.55627823
19-12-2022,64.58999634,25.83300018,16.2395668
20-12-2022,65.05000305,25.49550819,16.07071495
21-12-2022,67.68000031,25.87157249,16.48634529
22-12-2022,63.86000061,25.04229355,15.32537651
23-12-2022,64.51999664,25.15800476,15.1924963
27-12-2022,63.27000046,25.01336479,14.10845947
28-12-2022,62.56999969,24.62765694,14.02353477
29-12-2022,64.81999969,25.27371979,14.59002876
30-12-2022,64.76999664,25.48586273,14.60102081
03-01-2023,64.01999664,25.77514458,14.30228615
04-01-2023,64.66000366,26.69120789,14.73590088
05-01-2023,62.33000183,26.57549667,14.25233173
06-01-2023,63.95999908,27.70369911,14.84580517
09-01-2023,67.23999786,28.26298332,15.61412048
10-01-2023,68.05000305,28.38833618,15.89487171
11-01-2023,69.05999756,28.78369141,15.98678875
12-01-2023,70.80000305,29.20797729,16.49633598
13-01-2023,71,29.03440094,16.88399315
17-01-2023,71.58999634,28.54262352,17.6862793
18-01-2023,70.52999878,27.78084183,17.36156654
19-01-2023,67.70999908,27.40477371,16.75011063
20-01-2023,70.06999969,28.17619514,17.82316017
23-01-2023,76.52999878,29.18868828,19.17595673
24-01-2023,74.69999695,28.85119057,19.24788666
25-01-2023,74.91000366,28.63904953,19.30583954
26-01-2023,75.16000366,29.01512146,19.78441429
27-01-2023,75.40000153,27.15406227,20.34691048
30-01-2023,72.44999695,26.95156479,19.14498138
31-01-2023,75.15000153,27.25049019,19.51965141
01-02-2023,84.63999939,28.03155518,20.92440033
02-02-2023,88.30999756,29.11154938,21.68972015
03-02-2023,86.08999634,29.23690224,21.08125877
06-02-2023,83.68000031,28.00222778,21.07027245
07-02-2023,85.91000366,28.35359573,22.15330505
08-02-2023,84.69000244,27.56301498,22.18527985
09-02-2023,83.20999908,27.06523895,22.31716156
10-02-2023,81.48000336,27.13356209,21.24611092
13-02-2023,83.12999725,27.86558151,21.76865005
14-02-2023,85.94999695,27.95342636,22.95059967
15-02-2023,85.18000031,28.15839005,22.74378586
16-02-2023,80.08000183,27.52397537,21.98246193
17-02-2023,78.5,26.9481163,21.3690033
21-02-2023,76.76999664,25.43527412,20.63665581
22-02-2023,76.61000061,24.85941696,20.735569
23-02-2023,79.75,24.99606323,23.64298248
24-02-2023,78.08999634,24.53733063,23.26531982
27-02-2023,78.76999664,24.30308342,23.48012733
28-02-2023,78.58000183,24.33236313,23.19537735
01-03-2023,78.29000092,24.72277451,22.67784119
02-03-2023,80.44000244,25.57192039,23.29329491
03-03-2023,81.51999664,25.76712608,23.86878204
06-03-2023,81.16000366,25.3669529,23.53308487
07-03-2023,82.11000061,24.9179821,23.27127075
08-03-2023,85.37000275,25.35719299,24.16362762
09-03-2023,84.02999878,25.80616951,23.41916466
10-03-2023,82.66999817,26.56746483,22.94850159
13-03-2023,82.01000214,26.30393791,22.94950104
14-03-2023,87.44999695,27.33852768,24.04571152
15-03-2023,89.68000031,27.72893906,24.21059227
16-03-2023,96.59999847,29.45651054,25.52265167
17-03-2023,97.83999634,29.09537697,25.70652008
20-03-2023,96.80999756,28.46096039,25.88138962
21-03-2023,95.93000031,27.77773857,26.1801796
22-03-2023,97.58000183,27.45564842,26.44898605
23-03-2023,100.2799988,28.33407593,27.17146492
24-03-2023,97.94999695,28.65616608,26.75976372
27-03-2023,96.61000061,28.48048019,26.51194191
28-03-2023,94.55999756,28.58784294,26.39102745
29-03-2023,96.08999634,30.76438522,26.96461296
30-03-2023,97.87999725,31.32071877,27.36332893
31-03-2023,98.01000214,31.88681412,27.75704575
03-04-2023,96.55999756,32.10154343,27.94491005
04-04-2023,95.87000275,32.3065033,27.43327713
05-04-2023,92.55999756,32.04298401,26.86168861
06-04-2023,92.47000122,32.0234642,27.01757622
10-04-2023,95.48000336,31.74040794,27.55918503
11-04-2023,94.02999878,31.57448196,27.14948082
12-04-2023,92.33000183,31.25239754,26.47596741
13-04-2023,92.08999634,31.35976028,26.44398689
14-04-2023,91.75,31.12551498,26.73877525
17-04-2023,89.87000275,31.36951828,26.98260307
18-04-2023,89.77999878,31.06695175,27.64712524
19-04-2023,89.94000244,30.40325546,27.91093254
20-04-2023,90.11000061,30.12020874,27.08452797
21-04-2023,88.43000031,29.57362938,27.09951591
24-04-2023,87.56999969,28.9489727,27.02257156
25-04-2023,83.80000305,28.18767166,26.22214699
26-04-2023,85.94000244,28.35359573,26.93663406
27-04-2023,87.44000244,29.14417839,27.20643997
28-04-2023,89.37000275,30.31541252,27.72906303
01-05-2023,89.69000244,29.57362938,28.88922882
02-05-2023,89.91000366,29.05633926,28.1897316
03-05-2023,81.62000275,29.91524124,27.7820282
04-05-2023,86.61000061,30.61595535,27.54219627
05-05-2023,89.83999634,30.3709507,28.65939522
08-05-2023,95.04000092,30.15534973,29.13005638
09-05-2023,95.05999756,29.49873161,28.55047417
10-05-2023,97.01999664,29.37132645,28.86425018
11-05-2023,97.09999847,28.28350067,28.55746651
12-05-2023,95.26000214,28.37170219,28.31964111
15-05-2023,97.40000153,29.20472527,28.93219566
16-05-2023,101.4800034,28.63630867,29.19201469
17-05-2023,103.75,28.29330254,30.15631866
18-05-2023,107.9300003,29.08712006,31.65524101
19-05-2023,105.8199997,29.33212662,31.241539
22-05-2023,108,29.67513657,31.15360451
23-05-2023,108.1200027,28.92051697,30.6659565
24-05-2023,108.2699966,28.42070198,30.51606178
25-05-2023,120.3499985,26.85266304,37.95271301
26-05-2023,127.0299988,28.42070198,38.91802216
30-05-2023,125.2699966,29.39093018,40.08217621
31-05-2023,118.2099991,30.81196213,37.80681992
01-06-2023,119.4700012,30.50815392,39.74143219
02-06-2023,117.8600006,30.68455887,39.29874802
05-06-2023,117.9300003,29.26352501,39.14286041
06-06-2023,124.2300034,30.34155083,38.62623215
07-06-2023,117.8300018,30.655159,37.45194626
08-06-2023,121.0500031,31.18437195,38.48631668
09-06-2023,124.9199982,30.71395874,38.7461586
12-06-2023,129.1900024,32.40940475,39.4577179
13-06-2023,124.5299988,33.23262024,40.99677658
14-06-2023,127.3300018,34.86926651,42.97055435
15-06-2023,124.2399979,35.1044693,42.62677002
16-06-2023,120.0800018,35.64347839,42.66574478
20-06-2023,118.9300003,34.30084991,43.78105927
21-06-2023,112.1100006,32.24279785,43.01852036
22-06-2023,110.6999969,32.05659485,42.99854279
23-06-2023,110.0100021,32.34079742,42.18304062
26-06-2023,107.5100021,32.67400742,40.6070137
27-06-2023,110.3899994,33.41882706,41.85024261
28-06-2023,110.1699982,32.89941406,41.09171677
29-06-2023,111.2399979,32.25260162,40.79689026
30-06-2023,113.9100037,32.7720108,42.27597809
03-07-2023,115.8199997,32.94841766,42.38691711
05-07-2023,113.9499969,31.86059189,42.29098129
06-07-2023,113.4800034,31.33137512,42.07710648
07-07-2023,113.1699982,31.21377373,42.47686386
10-07-2023,113.5800018,32.08599472,42.15405655
11-07-2023,111.3199997,32.63480377,42.37892151
12-07-2023,114.5800018,33.30122375,43.87499619
13-07-2023,115.9199982,33.19342041,45.94873047
14-07-2023,115.9400024,32.4878006,45.44104004
17-07-2023,118.3199997,33.68343353,46.43242645
18-07-2023,117.9300003,33.81084061,47.46479034
19-07-2023,116.4300003,33.77163315,47.0480423
20-07-2023,110.25,32.7034111,45.49200821
21-07-2023,110.9499969,33.3404274,44.28174973
24-07-2023,110.6100006,32.95821762,44.58456421
25-07-2023,113,33.41882706,45.65090561
26-07-2023,110.0899963,33.67363739,45.42404175
27-07-2023,111.0999985,33.85983658,45.87177277
28-07-2023,112.9599991,36.0942955,46.72124481
31-07-2023,114.4000015,35.0554657,46.70026398
01-08-2023,117.5999985,35.08486557,46.47839737
02-08-2023,109.3499985,33.70303345,44.24177551
03-08-2023,113.1500015,34.17344284,44.48762131
04-08-2023,115.8199997,34.56195068,44.65252304
07-08-2023,116.8099976,34.65046692,45.3890686
08-08-2023,113.2300034,34.44392395,44.63652802
09-08-2023,110.4700012,33.71609497,42.52782822
10-08-2023,110.2300034,34.10951614,42.36192703
11-08-2023,107.5699997,34.31606293,40.82987213
14-08-2023,111.9800034,35.09306717,43.72608948
15-08-2023,111.3499985,34.19803619,43.9129715
16-08-2023,107.1900024,32.9784317,43.45925522
17-08-2023,104.4400024,32.04405975,43.31734467
18-08-2023,105.4499969,32.21126556,43.2723732
21-08-2023,108.2200012,32.59484863,46.93811417
22-08-2023,105.6600037,32.34896469,45.63991165
23-08-2023,109.4300003,33.42103195,47.08702469
24-08-2023,101.8000031,32.05389404,47.13399124
25-08-2023,102.25,32.70304108,45.98970413
28-08-2023,102.6100006,33.06695175,46.80619431
29-08-2023,105.9199982,33.74560165,48.7539978
30-08-2023,106.5899963,33.96198273,49.23370361
31-08-2023,105.7200012,34.56195068,49.324646
01-09-2023,109.4499969,36.00776672,48.47916794
05-09-2023,110.7799988,36.10612488,48.5181427
06-09-2023,109.2799988,36.3716774,47.03593445
07-09-2023,106.5899963,37.55194473,46.21636963
08-09-2023,106.0899963,37.38473892,45.54772949
11-09-2023,105.3199997,37.9552002,45.15393448
12-09-2023,105.3099976,38.22075272,44.84609604
13-09-2023,107.7099991,38.07322311,45.46077347
14-09-2023,106.6299973,38.03387833,45.55672455
15-09-2023,101.4899979,37.2568779,43.87661362
18-09-2023,102.3700027,37.36506653,43.94258118
19-09-2023,101.6100006,35.74220657,43.49681854
20-09-2023,100.3399963,34.11935043,42.21649933
21-09-2023,96.11000061,34.08000946,40.99515152
22-09-2023,96.19999695,33.61774063,41.58782959
25-09-2023,97.37999725,33.72592926,42.19950867
26-09-2023,95.95999908,33.27349854,41.88867569
27-09-2023,98.06999969,34.04066849,42.44537354
28-09-2023,102.7600021,34.60128784,43.06604385
29-09-2023,102.8199997,34.96520233,43.47582626
02-10-2023,103.2699966,34.87668228,44.75814819
03-10-2023,100.0800018,35.10289764,43.49381638
04-10-2023,104.0699997,35.33895493,44.01754379
05-10-2023,102.9100037,35.29961014,44.66419601
06-10-2023,107.2399979,35.59466934,45.73761749
09-10-2023,106.9700012,35.46681595,45.24887848
10-10-2023,109.0100021,35.83073044,45.77360916
11-10-2023,108.3099976,36.27333069,46.78106689
12-10-2023,108.7900009,36.23398209,46.91999054
13-10-2023,105.0899963,35.3782959,45.43677902
16-10-2023,106.4599991,35.95859146,46.07044601
17-10-2023,105.1399994,35.46681595,43.91459274
18-10-2023,102.1699982,35.0537262,42.17352295
19-10-2023,102.4000015,35.08322906,42.07857513
20-10-2023,101.8099976,34.3455658,41.36494827
23-10-2023,100.0100021,33.29317093,42.95211029
24-10-2023,101.6699982,34.02099609,43.63973618
25-10-2023,96.05999756,32.28995132,41.75674438
26-10-2023,93.66999817,31.9850502,40.30451965
27-10-2023,96.43000031,34.95536804,40.47842407
30-10-2023,96.18000031,35.10289764,41.13908005
31-10-2023,98.5,35.89957809,40.75827408
01-11-2023,108.0400009,36.67658234,42.30245972
02-11-2023,107.8300018,37.0798378,43.4828186
03-11-2023,112.25,37.51259995,44.9810257
06-11-2023,111.75,37.44845963,45.72663498
07-11-2023,113.4499969,38.25762177,45.93052292
08-11-2023,113.5899963,37.41885376,46.54919052
09-11-2023,113.4899979,37.30044174,46.92499161
10-11-2023,118.5899963,38.34643173,48.30924988
13-11-2023,116.7900009,37.72475433,48.59409714
14-11-2023,119.8799973,38.88916397,49.62954712
15-11-2023,118,40.07330704,48.86195374
16-11-2023,119.8300018,42.77709198,49.4536438
17-11-2023,120.6200027,43.23101425,49.27174377
20-11-2023,121.5299988,44.14872742,50.38214493
21-11-2023,119.1600037,43.06326294,49.91739655
22-11-2023,122.5100021,43.09286118,48.69004822
24-11-2023,122.3099976,43.37902832,47.75054932
27-11-2023,122.6500015,43.49745178,48.21630096
28-11-2023,122.0100021,43.64546204,47.79552078
29-11-2023,123.8499985,44.34608078,48.11435699
30-11-2023,121.1600037,44.10925293,46.74508667
01-12-2023,121.3899994,43.16193771,46.7400856
04-12-2023,118.5699997,41.79030609,45.48575592
05-12-2023,118.3799973,41.36598969,46.54528809
06-12-2023,116.8199997,40.72458267,45.48275757
07-12-2023,128.3699951,41.59295654,46.57527542
08-12-2023,128.9199982,42.13568497,47.4848671
11-12-2023,134.4100037,43.95136642,46.60625839
12-12-2023,137.6100006,43.45797348,47.63580322
13-12-2023,138.1900024,43.98096848,48.06661224
14-12-2023,138,44.58290863,48.32849121
15-12-2023,139.1499939,45.54995728,48.86824799
18-12-2023,138.8999939,45.0861702,50.05472565
19-12-2023,140.1499939,46.04335022,49.58193207
20-12-2023,135.4700012,45.15523911,48.08959961
21-12-2023,139.9100037,46.45780182,48.96820831
22-12-2023,139.6000061,47.36563873,48.80828476
26-12-2023,143.4100037,49.83260345,49.25707626
27-12-2023,146.0700073,50.08916473,49.39501572
28-12-2023,148.7599945,49.72405243,49.4999733
29-12-2023,147.4100037,49.58590317,49.4999733
02-01-2024,138.5800018,47.16827774,48.14657211
03-01-2024,135.3200073,46.42819595,47.54784012
04-01-2024,136.0099945,46.2505722,47.97665405
05-01-2024,138.5800018,46.27030945,49.07516098
08-01-2024,146.1799927,47.80969238,52.2297554
09-01-2024,149.2599945,47.41497803,53.11636353
10-01-2024,148.5399933,46.84264374,54.32582474
11-01-2024,148.0200043,47.01039886,54.79761124
12-01-2024,146.5599976,46.49726486,54.68566132
16-01-2024,158.7400055,46.43806076,56.35692215
17-01-2024,160.1699982,45.45127869,56.02807236
18-01-2024,162.6699982,46.12229538,57.08159637
19-01-2024,174.2299957,47.51365662,59.46453857
22-01-2024,168.1799927,47.58273315,59.62746429
23-01-2024,168.4199982,48.24387741,59.8463707
24-01-2024,178.2899933,48.44123077,61.33470917
25-01-2024,180.3300018,48.89515686,61.58959198
26-01-2024,177.25,43.07313156,61.00385284
29-01-2024,177.8300018,43.2606163,62.4372139
30-01-2024,172.0599976,42.35277176,62.74607468
31-01-2024,167.6900024,42.51066589,61.49963379
01-02-2024,170.4799957,42.7869606,62.99896622
02-02-2024,177.6600037,42.03700256,66.13057709
05-02-2024,174.2299957,42.20475769,69.30116272
06-02-2024,167.8800049,42.29877853,68.19265747
07-02-2024,170.9400024,42.33836365,70.06781006
08-02-2024,169.3500061,42.06125641,69.6100235
09-02-2024,172.4799957,42.86289597,72.10092926
12-02-2024,171.9100037,43.57545853,72.21586609
13-02-2024,171.5399933,42.71444321,72.09593201
14-02-2024,178.6999969,43.73380661,73.86713409
15-02-2024,176.7599945,43.59525299,72.62567902
16-02-2024,173.8699951,43.06082916,72.58069611
20-02-2024,165.6900024,44.06040192,69.42111206
21-02-2024,164.2899933,43.02124023,67.44199371
22-02-2024,181.8600006,42.53630066,78.50306702
23-02-2024,176.5200043,42.54619598,78.7819519
26-02-2024,176.0099945,42.54619598,79.05683136
27-02-2024,178,42.28887939,78.66598511
28-02-2024,176.5399933,41.55652237,77.62846375
29-02-2024,192.5299988,42.60557556,79.07680511
01-03-2024,202.6399994,43.36762619,82.24239349
04-03-2024,205.3600006,45.13914871,85.19908142
05-03-2024,205.1300049,42.71444321,85.92980194
06-03-2024,210.6300049,44.05050278,88.66470337
07-03-2024,211.3800049,45.67357635,92.63211823
08-03-2024,207.3899994,43.54576874,87.49317932
11-03-2024,198.3899994,44.39689255,85.73987579
12-03-2024,202.7599945,44.77296829,91.87643433
13-03-2024,194.7899933,42.78371811,90.85183716
14-03-2024,187.0599976,42.30867386,87.90900421
15-03-2024,191.0599976,42.19980621,87.80204773
18-03-2024,190.6499939,42.26908493,88.41980743
19-03-2024,181.4199982,41.61589813,89.36243439
20-03-2024,179.7299957,41.76435471,90.33604431
21-03-2024,178.6799927,41.98208237,91.39861298
22-03-2024,179.6499939,42.13053513,94.2514801
25-03-2024,178.6300049,41.39817429,94.96419525
26-03-2024,177.8699951,41.55652237,92.52416992
27-03-2024,179.5899963,43.31814575,90.21408844
28-03-2024,180.4900055,43.71401215,90.32004547
01-04-2024,183.3399963,44.06040192,90.32704163
02-04-2024,178.6999969,43.48638916,89.41640472
03-04-2024,180.7700043,39.91365814,88.9285965
04-04-2024,165.8300018,39.31985092,85.87081146
05-04-2024,170.4199982,38.31037903,87.97298431
08-04-2024,169.8999939,37.58791733,87.09832764
09-04-2024,170.7799988,37.9343071,85.32002258
10-04-2024,167.1399994,36.81596756,87.00437164
11-04-2024,170.5,37.24153137,90.5799408
12-04-2024,163.2799988,35.32155609,88.15091705
15-04-2024,160.3200073,35.93515778,85.96676636
16-04-2024,163.4600067,35.88566971,87.38021851
17-04-2024,154.0200043,35.31166077,84.0015564
18-04-2024,155.0800018,34.67826843,84.63730621
19-04-2024,146.6399994,33.8469429,76.16968536
22-04-2024,148.6399994,34.05477142,79.48635864
23-04-2024,152.2700043,33.92611313,82.39020538
24-04-2024,151.7400055,34.14384079,79.64529419
25-04-2024,153.7599945,34.74754333,82.59912109
26-04-2024,157.3999939,31.55088997,87.70010376
29-04-2024,160.1999969,31.03625679,87.72206879
30-04-2024,158.3800049,30.1554451,86.36763
01-05-2024,144.2700043,30.0564785,83.00794983
02-05-2024,146.1600037,30.19503212,85.78285217
03-05-2024,150.6000061,30.581007,88.75366974
06-05-2024,155.7799988,30.77477646,92.10333252
07-05-2024,154.4299927,30.48660469,90.51796722
08-05-2024,153.6199951,29.81089211,90.37602234
09-05-2024,152.3899994,29.90032387,88.71168518
10-05-2024,151.9199982,29.66183853,89.84223175
13-05-2024,150.5599976,30.31767654,90.36302948
14-05-2024,153.1600037,30.85427284,91.31965637
15-05-2024,159.6699982,31.07288742,94.59233093
16-05-2024,162.6199951,31.82809448,94.32144928
17-05-2024,164.4700012,31.62935638,92.44219971
20-05-2024,166.3300018,31.89765358,94.74229431
21-05-2024,164.6600037,31.53992271,95.34804535
22-05-2024,165.5200043,31.22194099,94.91221619
23-05-2024,160.4299927,29.89038658,103.7577057
24-05-2024,166.3600006,30.52635193,106.4266357
28-05-2024,171.6100006,30.86421013,113.8556747
29-05-2024,165.1399994,29.94007111,114.7793045
30-05-2024,166.75,29.99969482,110.4560318
31-05-2024,166.8999939,30.65553474,109.5893784
03-06-2024,163.5500031,30.09906387,114.9542389
04-06-2024,159.9900055,29.84070396,116.3906631
05-06-2024,166.1699982,30.58597565,122.3912811
06-06-2024,166.7799988,30.22824478,120.949852
07-06-2024,167.8699951,30.5462265,120.8398972
10-06-2024,160.3399963,30.71515465,121.741539
11-06-2024,158.9600067,30.72509193,120.8718262
12-06-2024,160.2400055,30.56610107,125.1604614
13-06-2024,159.8999939,30.26799202,129.5690765
14-06-2024,159.6300049,30.25805664,131.8383484
17-06-2024,158.3999939,30.78471375,130.9386444
18-06-2024,154.6300049,30.43692017,135.5371857
20-06-2024,161.7799988,30.42698479,130.7386932
21-06-2024,161.2299957,30.89402008,126.5300217
24-06-2024,160.25,30.37729836,118.0726929
25-06-2024,160.25,30.5462265,126.0501785
26-06-2024,157.5399933,30.3474884,126.3600769
27-06-2024,159.4700012,30.39717293,123.9508362
28-06-2024,162.2100067,30.77477646,123.5009842
01-07-2024,157.6900024,30.64559746,124.2607498
02-07-2024,164.3099976,30.87414742,122.6312561
03-07-2024,163.8999939,31.03313828,128.2394867
05-07-2024,171.8999939,31.8181591,125.7902679
08-07-2024,178.6900024,33.77574158,128.1595154
09-07-2024,177.1000061,34.37195969,131.3385162
10-07-2024,183.9600067,34.65019226,134.8674011
11-07-2024,181.9400024,33.2888298,127.3597641
12-07-2024,181.6100006,34.27259064,129.1991882
15-07-2024,179.8300018,34.24277496,128.3994446
16-07-2024,177.5500031,34.12353516,126.3200989
17-07-2024,159.4299927,34.24277496,117.9527359
18-07-2024,155.7700043,34.65019226,121.0517502
19-07-2024,151.5800018,32.77210617,117.8927536
22-07-2024,155.8699951,33.1596489,123.5009842
23-07-2024,154,32.74229813,122.5512772
24-07-2024,144.6300049,31.50017548,114.213913
25-07-2024,138.3200073,30.90395737,112.244545
26-07-2024,139.9900055,31.1523819,113.024292
29-07-2024,139.75,30.63566017,111.5547562
30-07-2024,138.4400024,29.94007111,103.6972427
31-07-2024,144.4799957,30.5462265,116.9830322
01-08-2024,132.5399933,28.86687851,109.1755142
02-08-2024,132.5,21.34459877,107.2361221
05-08-2024,134.8200073,19.98323441,100.4182739
06-08-2024,130.1799927,19.70499992,104.2170715
07-08-2024,128.6699982,18.98999977,98.87876892
08-08-2024,136.3200073,20.48999977,104.9368515
09-08-2024,134.2700043,19.70999908,104.7169189
12-08-2024,136.7700043,19.36000061,108.9855652
13-08-2024,141.1300049,20.46999931,116.1033173
14-08-2024,140.75,19.92000008,118.042717
15-08-2024,147.3600006,20.69000053,122.8211975
16-08-2024,148.5599976,20.87000084,124.540657
19-08-2024,155.2799988,21.52000046,129.9589233
20-08-2024,156.3999939,20.98999977,127.209816
21-08-2024,157.8099976,21.40999985,128.4594269
22-08-2024,151.6999969,20.10000038,123.7009125
23-08-2024,154.9799957,20.54000092,129.3291321
26-08-2024,149.9900055,20.12999916,126.4200668
27-08-2024,150.5,20.06999969,128.259491
28-08-2024,146.3600006,19.61000061,125.5703354
29-08-2024,145.4900055,20.12999916,117.5528641
30-08-2024,148.5599976,22.04000092,119.3323059
03-09-2024,136.9400024,20.10000038,107.965889
04-09-2024,140.8699951,19.43000031,106.1764603
05-09-2024,139.4400024,19.39999962,107.1761398
06-09-2024,134.3500061,18.88999939,102.7975235
09-09-2024,138.1499939,19.06999969,106.4363785
10-09-2024,142.8399963,18.97999954,108.0658569
11-09-2024,149.8600006,19.63999939,116.873085
12-09-2024,150.7700043,19.36000061,119.1125641
13-09-2024,152.3099976,19.65999985,119.0725632
16-09-2024,152.0800018,20.90999985,116.7530975
17-09-2024,150.8200073,21.46999931,115.5633774
18-09-2024,148.2899933,20.77000046,113.3438873
19-09-2024,156.7400055,21.13999939,117.8428497
20-09-2024,155.9499969,21.84000015,115.9732819
23-09-2024,156.75,22.55999947,116.2332306
24-09-2024,158.3200073,22.80999947,120.8421631
25-09-2024,162.0200043,23.54000092,123.4815598
26-09-2024,167.4900055,23.92000008,124.0114365
27-09-2024,164.3500061,23.90999985,121.3720474
30-09-2024,164.0800018,23.45999908,121.4120331
01-10-2024,159.75,22.69000053,116.973053
02-10-2024,159.7799988,22.38999939,118.8226242
03-10-2024,162.8500061,22.26000023,122.8217087
04-10-2024,170.8999939,22.59000015,124.8912277
07-10-2024,170.9700012,22.37999916,127.6905899
08-10-2024,172.8000031,23.31999969,132.8593903
09-10-2024,171.0200043,23.45999908,132.6194458
10-10-2024,164.1799927,23.21999931,134.7789612
11-10-2024,167.8899994,23.55999947,134.7689667
14-10-2024,165.2700043,23.44000053,138.0382233
15-10-2024,156.6399994,22.65999985,131.5697021
16-10-2024,156.1300049,22.30999947,135.688736
17-10-2024,156.25,22.44000053,136.898468
18-10-2024,155.9700012,22.77000046,137.9682159
21-10-2024,157.8999939,22.84000015,143.6769104
22-10-2024,154.0899963,22.39999962,143.5569458
23-10-2024,152.9100037,21.97999954,139.5278625
24-10-2024,153.4400024,22.34000015,140.3776703
25-10-2024,156.2299957,22.68000031,141.5074005
28-10-2024,159.9199982,22.92000008,140.4876404
29-10-2024,166.25,22.89999962,141.2174683
30-10-2024,148.6000061,22.29999924,139.3079071
31-10-2024,144.0700073,21.52000046,132.7294312
01-11-2024,141.8600006,23.20000076,135.3688202
04-11-2024,140.7100067,22.52000046,136.0186768
05-11-2024,141.6600037,23.31999969,139.8777771
06-11-2024,145.1000061,25.04999924,145.5764465
07-11-2024,149.8200073,26.22999954,148.8457336
08-11-2024,147.9499969,26.20000076,147.595993
11-11-2024,147.3500061,25.04999924,145.2265472
12-11-2024,143.6300049,24.15999985,148.2558289
13-11-2024,139.3000031,24.92000008,146.2362976
14-11-2024,138.8399963,25.03000069,146.726181
15-11-2024,134.8999939,24.35000038,141.9472961
18-11-2024,138.9299927,24.84000015,140.1177063
19-11-2024,139.3899994,24.20000076,146.9761353
20-11-2024,137.6000061,24.01000023,145.8563995
21-11-2024,137.4900055,24.44000053,146.6362305
22-11-2024,138.3500061,24.5,141.9172974
25-11-2024,141.1300049,24.87000084,135.988678
26-11-2024,137.7200012,24.04999924,136.8884735
27-11-2024,136.2400055,23.64999962,135.3088226
29-11-2024,137.1799927,24.04999924,138.2181702
02-12-2024,142.0599976,23.93000031,138.5980682
03-12-2024,141.9799957,22.46999931,140.2277069
04-12-2024,143.9900055,21.95999908,145.1065826
05-12-2024,141.3600006,20.79999924,145.0365906
06-12-2024,138.5899963,20.92000008,142.4170074
09-12-2024,130.8699951,20.80999947,138.7875824
10-12-2024,127.7399979,20.15999985,135.0482025
11-12-2024,130.1499939,20.12000084,139.2875061
12-12-2024,130.6000061,20.78000069,137.3178253
13-12-2024,126.9100037,20.34000015,134.2283325
16-12-2024,126.6900024,20.82999992,131.9786835
17-12-2024,125.0199966,20.44000053,130.3689575
18-12-2024,121.4100037,19.29999924,128.8891907
19-12-2024,118.8799973,19.05999947,130.6588898
20-12-2024,119.2099991,19.52000046,134.6782532
23-12-2024,124.5999985,20.20000076,139.6474457
24-12-2024,126.2900009,20.39999962,140.1973724
26-12-2024,125.0599976,20.44000053,139.9074097
27-12-2024,125.1900024,20.29999924,136.9878845
30-12-2024,122.4400024,19.81999969,137.467804
31-12-2024,120.7900009,20.04999924,134.2683258
02-01-2025,120.6299973,20.21999931,138.287674
03-01-2025,125.3700027,20.55999947,144.4466858
06-01-2025,129.5500031,19.87000084,149.4058685
07-01-2025,127.3300018,20.01000023,140.1173706
08-01-2025,121.8399963,19.87999916,140.0873871
10-01-2025,116.0400009,19.14999962,135.8880768
13-01-2025,117.3199997,19.20000076,133.2084961
14-01-2025,116.0899963,19.20000076,131.7387238
15-01-2025,119.9599991,19.71999931,136.2180176
16-01-2025,118.4400024,19.67000008,133.5484467
17-01-2025,121.4599991,21.48999977,137.6877747
21-01-2025,122.2799988,21.77000046,140.8072662
22-01-2025,123.75,21.86000061,147.0462799
23-01-2025,123.0400009,21.56999969,147.1962433
24-01-2025,122.8399963,20.82999992,142.5969696
27-01-2025,115.0100021,20.29000092,118.4008789
28-01-2025,114.1699982,19.79999924,128.9691925
29-01-2025,117.3499985,19.75,123.6800308
30-01-2025,118.8600006,20.01000023,124.6298828
31-01-2025,115.9499969,19.43000031,120.050621
03-02-2025,114.2699966,19.37999916,116.6411743
04-02-2025,119.5,19.29000092,118.6308517
05-02-2025,112.0100021,19.64999962,124.8098526
06-02-2025,110.1600037,19.37999916,128.6592102
07-02-2025,107.5599976,19.10000038,129.8190308
10-02-2025,110.4800034,19.77000046,133.5484467
11-02-2025,111.0999985,20.96999931,132.7785797
12-02-2025,111.7200012,22.47999954,131.1188354
13-02-2025,111.8099976,24.12999916,135.268158
14-02-2025,113.0999985,23.60000038,138.8275909
18-02-2025,114.2799988,27.38999939,139.3775024
19-02-2025,114.6900024,25.71999931,139.2075195
20-02-2025,114.1699982,26.09000015,140.0873871
21-02-2025,110.8399963,24.87000084,134.4082947
24-02-2025,108.1100006,24.27000046,130.2589722
25-02-2025,103.9599991,22.98999977,126.6095657
26-02-2025,104.7399979,23.52000046,131.2588196
27-02-2025,99.51000214,23.09000015,120.1306152
28-02-2025,99.86000061,23.72999954,124.8998337
03-03-2025,98.23000336,22.73999977,114.0415878
04-03-2025,100.75,21.32999992,115.9712753
05-03-2025,101.6699982,20.80999947,117.2810669
06-03-2025,98.84999847,20.75,110.5521545
07-03-2025,100.3099976,20.63999939,112.671814
10-03-2025,96.62999725,19.93000031,106.9627304
11-03-2025,96.76000214,19.78000069,108.7424469
12-03-2025,100.7900009,20.68000031,115.7319641
13-03-2025,98.11000061,23.70000076,115.5719757
14-03-2025,100.9700012,24.04999924,121.6615524
17-03-2025,104.5899963,25.69000053,119.521698
18-03-2025,103.5100021,25.92000008,115.4219818
19-03-2025,106.2300034,24.12000084,117.5118332
20-03-2025,107.1399994,23.95999908,118.5217667
21-03-2025,106.4400024,24.26000023,117.6918259
24-03-2025,113.8499985,24.21999931,121.4015732
25-03-2025,114.8099976,24.20000076,120.6816254
26-03-2025,110.1900024,23.42000008,113.7521057
27-03-2025,106.6500015,23.62000084,111.4222641
28-03-2025,103.2200012,22.70999908,109.662384
31-03-2025,102.7399979,22.70999908,108.3724747
01-04-2025,102.7799988,22.04999924,110.1423492
02-04-2025,102.9599991,21.97999954,110.4123306
03-04-2025,93.80000305,22.43000031,101.7929306
04-04-2025,85.76000214,19.85000038,94.30345154
07-04-2025,83.63999939,19.56999969,97.63321686
08-04-2025,78.20999908,18.12999916,96.2933197
09-04-2025,96.83999634,21.53000069,114.3220596
10-04-2025,88.69999695,19.87999916,107.5625305
11-04-2025,93.40000153,19.73999977,110.9222946
14-04-2025,94.5,20.30999947,110.7023087
15-04-2025,95.29000092,19.85000038,112.1922073
16-04-2025,88.29000092,19.22999954,104.4827423
17-04-2025,87.5,18.93000031,101.4829483
21-04-2025,85.55999756,18.84000015,96.90327454
22-04-2025,86.26000214,19.51000023,98.88313293
23-04-2025,90.38999939,20.59000015,102.7028656
24-04-2025,94.47000122,21.48999977,106.4226074
25-04-2025,96.65000153,20.04999924,111.0022964
28-04-2025,96.38999939,20.51000023,108.7224503
29-04-2025,96.05999756,20.34000015,109.0124283
30-04-2025,97.34999847,20.10000038,108.9124374
01-05-2025,96.65000153,19.97999954,111.6022491
02-05-2025,98.80000305,20.62000084,114.4920502
05-05-2025,100.5899963,20.27000046,113.8120956
06-05-2025,98.62000275,19.94000053,113.5321198
07-05-2025,100.3600006,20.30999947,117.0518723
08-05-2025,101.6999969,21,117.3618546
09-05-2025,102.8399963,21.42000008,116.6418991
12-05-2025,108.1200027,22.18000031,122.9914627
13-05-2025,112.4599991,22.55999947,129.9209747
14-05-2025,117.7200012,21.52000046,135.3305969
15-05-2025,114.9899979,21.54999924,134.8206329
16-05-2025,117.1699982,21.65999985,135.3905945
19-05-2025,114.7399979,21.37999916,135.5605927
20-05-2025,113.5100021,21.27000046,134.3706665
21-05-2025,112.0599976,20.69000053,131.7908478
22-05-2025,110.7099991,20.54999924,132.8207855
23-05-2025,110.3099976,20.04999924,131.2808838
27-05-2025,114.5599976,20.54999924,135.4905853
28-05-2025,112.8600006,20.37000084,134.8006439
29-05-2025,113.0299988,20.25,139.1803436
30-05-2025,110.7300034,19.54999924,135.1206207
02-06-2025,114.6299973,19.73999977,137.3704681
03-06-2025,117.3099976,20.29000092,141.2101898
04-06-2025,118.5800018,20.25,141.910141
05-06-2025,115.6900024,19.98999977,139.9802856
06-06-2025,116.1900024,20.05999947,141.7101593
09-06-2025,121.7300034,20.47999954,142.6201019
10-06-2025,123.2399979,22.07999992,143.9500122
11-06-2025,121.1399994,20.68000031,142.8300018
12-06-2025,118.5,20.77000046,145
13-06-2025,116.1600037,20.13999939,141.9700012
16-06-2025,126.3899994,20.73999977,144.6900024
17-06-2025,127.0999985,20.79999924,144.1199951
18-06-2025,126.7900009,21.48999977,145.4799957
20-06-2025,128.2400055,21.07999992,143.8500061
23-06-2025,129.5800018,21.19000053,144.1699982
24-06-2025,138.4299927,22.54999924,147.8999939
25-06-2025,143.3999939,22.20000076,154.3099976
26-06-2025,143.6799927,22.5,155.0200043
27-06-2025,143.8099976,22.69000053,157.75
30-06-2025,141.8999939,22.39999962,157.9900055
01-07-2025,136.1100006,22.85000038,153.3000031
02-07-2025,138.5200043,21.87999916,157.25
03-07-2025,137.9100037,22.48999977,159.3399963
07-07-2025,134.8000031,22,158.2400055
08-07-2025,137.8200073,23.59000015,160
09-07-2025,138.4100037,23.44000053,162.8800049
10-07-2025,144.1600037,23.81999969,164.1000061
11-07-2025,146.4199982,23.43000031,164.9199982
14-07-2025,146.2400055,23.29999924,164.0700073
15-07-2025,155.6100006,22.92000008,170.6999969
16-07-2025,160.0800018,22.69000053,171.3699951
17-07-2025,160.4100037,22.79999924,173
18-07-2025,156.9900055,23.10000038,172.4100037
21-07-2025,157,23.26000023,171.3800049
22-07-2025,154.7200012,23.23999977,167.0299988
23-07-2025,158.6499939,23.48999977,170.7799988
24-07-2025,162.1199951,22.62999916,173.7400055
25-07-2025,166.4700012,20.70000076,173.5
